,p-value,cliff
GodClass,0.5316145768816123,0.030098969492908887
DataClass,0.04933690907944233,0.10570349964289358
LongMethod,0.34377675529835794,0.0403020099989797
FeatureEnvy,1,0.0
