,p-value,cliff
GodClass,5.697220948724935e-18,-1.0
DataClass,5.695909387089072e-18,-1.0
LongMethod,5.6932871219497675e-18,-1.0
FeatureEnvy,5.694598111516901e-18,-1.0
