,p-value,cliff
GodClass,0.6379822916193378,0.0389
DataClass,0.0758281822833828,0.0948
LongMethod,0.330380752710025,-0.0338
FeatureEnvy,0.8902300549434974,-0.0114
