,p-value,cliff
GodClass,0.0008415540628256161,-0.1966
DataClass,0.001117526475382387,-0.1758
LongMethod,0.8218644704179587,-0.0211
FeatureEnvy,0.2720491665383393,0.0208
