,p-value,cliff
GodClass,0.316001009611772,0.0515
DataClass,0.005264135675997077,0.1026
LongMethod,0.1532134197250009,-0.0241
FeatureEnvy,0.03299678528388642,0.0646
