,p-value,cliff
GodClass,0.004129486328070206,0.1072
DataClass,0.0003635547208131462,0.1302
LongMethod,0.95693920783498,-0.0211
FeatureEnvy,0.11266004083675399,0.0664
