,p-value,cliff
GodClass,1.413369019090101e-06,-0.2771
DataClass,2.574616170984174e-06,-0.3092
LongMethod,0.8368863729433069,0.0045
FeatureEnvy,0.6855681592777829,0.008
