,p-value,cliff
GodClass,0.00014366629426054277,-0.147
DataClass,8.467670922586238e-05,-0.2147
LongMethod,0.2059032107320684,0.0384
FeatureEnvy,0.4142161782425253,-0.0013
