,p-value,cliff
GodClass,4.771697599790749e-07,0.2512
DataClass,6.683157818345879e-10,0.3978
LongMethod,0.43675576857475773,0.0141
FeatureEnvy,0.31731050786291415,0.0027
