,p-value,cliff
GodClass,0.007632881787792299,-0.1003
DataClass,0.004745071291442135,-0.1196
LongMethod,1,0.0
FeatureEnvy,1,0.0
