,p-value,cliff
GodClass,0.00015122051665888823,-0.2054
DataClass,8.709185701774923e-06,-0.2221
LongMethod,0.4333815360720624,0.0309
FeatureEnvy,0.0024624444744972564,0.1247
