,p-value,cliff
GodClass,0.03829869667149703,-0.0749
DataClass,0.02897544768954908,-0.0978
LongMethod,0.10058710676101688,-0.0409
FeatureEnvy,0.19550970743400609,0.0324
