,p-value,cliff
GodClass,0.424058119671022,-0.0567
DataClass,0.6420868846052393,-0.0061
LongMethod,0.4142161782425253,-0.0108
FeatureEnvy,0.0018306959021619658,-0.1133
