,p-value,cliff
GodClass,0.2567597504408172,-0.0399
DataClass,0.02578491551258341,-0.0787
LongMethod,0.17031141575783848,0.0241
FeatureEnvy,0.012179010158770577,-0.0741
