,p-value,cliff
GodClass,4.458033835500291e-05,-0.215
DataClass,3.797749283119131e-08,-0.1898
LongMethod,0.25640013555377994,-0.0655
FeatureEnvy,0.03655094459285553,-0.0695
