,p-value,cliff
GodClass,2.490999065110216e-05,-0.22
DataClass,9.694533510433972e-07,-0.2971
LongMethod,0.5639415499176302,-0.0275
FeatureEnvy,0.5665984802832496,0.0209
