,p-value,cliff
GodClass,8.619379881219636e-06,-0.2084
DataClass,6.770862440571828e-06,-0.1574
LongMethod,0.7090629597359864,-0.0093
FeatureEnvy,0.36762931847173685,-0.0104
