,p-value,cliff
GodClass,6.0377598837882495e-05,0.1844
DataClass,0.00045814722978187246,0.1216
LongMethod,0.8420072601969391,0.0015
FeatureEnvy,0.6502783794605222,-0.0071
