,p-value,cliff
GodClass,0.00024166968205150617,0.1698
DataClass,0.001055044762773575,0.1248
LongMethod,0.31731050786291415,0.0104
FeatureEnvy,0.0035104707374242826,0.1
