,p-value,cliff
GodClass,0.36571229628151325,0.0322
DataClass,0.7815112949987133,0.0031
LongMethod,1,0.0
FeatureEnvy,0.30613343965922535,0.0695
