,p-value,cliff
GodClass,0.10348872553918603,-0.0883
DataClass,0.0023439847786100865,-0.2268
LongMethod,0.0535187554655088,0.0552
FeatureEnvy,0.016759305718183792,0.0638
