,p-value,cliff
GodClass,3.602822638803265e-06,-0.2224
DataClass,1.449662629521141e-06,-0.3249
LongMethod,0.9246066324650077,0.0034
FeatureEnvy,0.8307489197697625,0.0087
