,p-value,cliff
GodClass,0.05653535913428364,-0.0817
DataClass,0.015711813204806174,-0.1206
LongMethod,0.3778700198591345,-0.0507
FeatureEnvy,0.19670560245894686,0.0308
