,p-value,cliff
GodClass,1.710949618861992e-05,0.201
DataClass,0.0009196343723028412,0.1268
LongMethod,1,0.0
FeatureEnvy,1,0.0
