,p-value,cliff
GodClass,0.0005638932946247271,-0.199
DataClass,0.0021562331042890245,-0.1809
LongMethod,0.8575646789034306,-0.0155
FeatureEnvy,0.318132140204905,0.0098
