,p-value,cliff
GodClass,7.898064353459068e-05,-0.1962
DataClass,0.000251693932509115,-0.1765
LongMethod,0.330380752710025,0.0322
FeatureEnvy,0.3038379701477907,-0.0649
