,p-value,cliff
GodClass,0.6053147474754597,-0.0523
DataClass,0.04806642541113048,-0.0844
LongMethod,0.6589508382405826,0.0282
FeatureEnvy,0.008184156644284396,0.1002
