,p-value,cliff
GodClass,0.017047344939319694,0.1277
DataClass,0.001693199846512718,0.0993
LongMethod,0.4747881615230607,-0.0201
FeatureEnvy,0.882701016048446,-0.0508
