,p-value,cliff
GodClass,0.009747807101173898,0.0808
DataClass,0.000631812803925513,0.13
LongMethod,0.31731050786291415,-0.01
FeatureEnvy,1,0.0
