,p-value,cliff
GodClass,0.015186198557064549,0.07
DataClass,0.03843393023678171,0.05
LongMethod,1,0.0
FeatureEnvy,0.31731050786291415,0.0101
