,p-value,cliff
GodClass,1.5874370096346057e-06,-0.2048
DataClass,7.246950671541695e-07,-0.1703
LongMethod,0.4132919624021857,-0.0237
FeatureEnvy,0.12904028446866736,-0.0377
