,p-value,cliff
GodClass,3.554451977448226e-16,-0.6920722375267829
DataClass,7.031139528822436e-13,-0.42801754922967045
LongMethod,3.5982711297054596e-08,-0.327517600244873
FeatureEnvy,0.011412036386001651,-0.0693806754412815
