,p-value,cliff
GodClass,9.858917895468334e-13,-0.6527905315784104
DataClass,1.3451482662765059e-14,-0.6771757983879196
LongMethod,1,0.0
FeatureEnvy,1,0.0
