,p-value,cliff
GodClass,0.8695423484085483,0.0287
DataClass,0.022168099756752248,0.0487
LongMethod,0.08480951945878273,0.0917
FeatureEnvy,0.38816992967785247,-0.0363
