,p-value,cliff
GodClass,0.005887981359559556,-0.0903
DataClass,0.1067188163293824,-0.0404
LongMethod,1,0.0
FeatureEnvy,0.31731050786291415,0.01
