,p-value,cliff
GodClass,0.6673020274992176,-0.0079
DataClass,0.011876318718299392,-0.1173
LongMethod,0.28928407104033826,-0.0978
FeatureEnvy,0.7973078882024924,-0.0082
