,p-value,cliff
GodClass,0.3486765425273466,-0.0195
DataClass,0.0031072340454614076,-0.1643
LongMethod,0.01365070133622388,-0.1406
FeatureEnvy,0.3140992966352857,-0.0268
