,p-value,cliff
GodClass,0.24329766664099228,0.0132
DataClass,0.2983282180066664,-0.0146
LongMethod,0.07952468606574156,-0.0917
FeatureEnvy,0.3757864038916654,0.0293
