,p-value,cliff
GodClass,0.5340912893986463,-0.0203
DataClass,0.002746889709307355,-0.1289
LongMethod,0.20052216788752109,-0.0899
FeatureEnvy,0.7983461604505482,-0.0126
