,p-value,cliff
GodClass,0.00032653934004923875,-0.1208
DataClass,0.007977066545985336,-0.13
LongMethod,0.0007891129890156299,0.0922
FeatureEnvy,0.0022819372533154484,0.0913
