,p-value,cliff
GodClass,0.9629724397707234,0.0018
DataClass,0.8212032811838443,0.0184
LongMethod,0.17971249487899976,-0.0306
FeatureEnvy,0.022762546531346548,0.0653
