,p-value,cliff
GodClass,0.1313556837923122,0.064
DataClass,0.20328807206668498,0.036
LongMethod,0.33074784915913025,0.0424
FeatureEnvy,0.672915269086365,0.0082
