,p-value,cliff
GodClass,0.6217780499372532,0.0428
DataClass,0.022246080974534326,-0.0709
LongMethod,0.0008316426051229735,-0.1707
FeatureEnvy,0.018635650152404985,-0.0905
