,p-value,cliff
GodClass,0.5980608927213915,-0.0211
DataClass,0.6572295283791001,-0.0087
LongMethod,0.2578990352923395,0.0295
FeatureEnvy,1.0,0.0076
