,p-value,cliff
GodClass,0.2976534889149085,0.0694
DataClass,0.14458131220241216,-0.0486
LongMethod,0.0024342589489853884,-0.1574
FeatureEnvy,0.022741330882136368,-0.0838
