,p-value,cliff
GodClass,0.3938610113222919,-0.0387
DataClass,0.06690640321286465,-0.1032
LongMethod,0.4395995204461185,-0.0282
FeatureEnvy,0.13166801602281422,0.0315
