,p-value,cliff
GodClass,0.31584342261157583,0.0472
DataClass,0.011194333792154917,-0.1209
LongMethod,0.2631074118883616,0.0411
FeatureEnvy,0.8185458083820434,0.0146
