,p-value,cliff
GodClass,0.15729920705028502,0.0814
DataClass,0.006796434741607711,0.1314
LongMethod,0.8875370839817152,-0.0185
FeatureEnvy,0.669028074498903,0.0026
