,p-value,cliff
GodClass,0.4069454161889814,0.0013
DataClass,0.0019479207846503479,-0.1421
LongMethod,0.014317449857709169,-0.1334
FeatureEnvy,0.2804855966077857,-0.0254
