,p-value,cliff
GodClass,0.3106372040357791,-0.0607
DataClass,0.015016190072994014,-0.1147
LongMethod,0.5427874273625081,-0.017
FeatureEnvy,0.24821307898992362,0.0329
