,p-value,cliff
GodClass,0.0017704568140635805,0.1224
DataClass,0.003950029479885564,0.1311
LongMethod,0.0026997960632601866,0.09
FeatureEnvy,1,0.0
