,p-value,cliff
GodClass,0.47950012218695337,-0.0198
DataClass,0.2346007164030427,-0.0293
LongMethod,1,0.0
FeatureEnvy,1,0.0
