,p-value,cliff
GodClass,0.022586147519138924,-0.1566
DataClass,2.837260792176208e-05,-0.3036
LongMethod,0.17748248740798833,0.0798
FeatureEnvy,0.6506129639327536,-0.0048
