,p-value,cliff
GodClass,0.013000100616220471,0.0753
DataClass,0.0029245522289017382,0.1393
LongMethod,0.4496917979688909,-0.0199
FeatureEnvy,1,0.0
