,p-value,cliff
GodClass,0.004876407694707809,-0.1348
DataClass,0.5456688009591579,-0.0197
LongMethod,0.00054816880477496,0.1437
FeatureEnvy,0.012517828240745392,0.0723
