,p-value,cliff
GodClass,2.2050009842972885e-06,-0.3221
DataClass,2.7717444106419942e-06,-0.2958
LongMethod,0.019630657257290667,0.07
FeatureEnvy,0.31731050786291415,-0.0521
