,p-value,cliff
GodClass,3.896340037647931e-18,-1.0
DataClass,3.896340037647931e-18,-1.0
LongMethod,3.896120241954008e-18,-1.0
FeatureEnvy,3.896559845095909e-18,-1.0
