,p-value,cliff
GodClass,8.5437622953825e-08,0.2586
DataClass,3.275216912158954e-06,0.2358
LongMethod,7.1178865539227356e-06,-0.1912
FeatureEnvy,0.05851740081693909,-0.0182
