,p-value,cliff
GodClass,0.8514319442490845,-0.0104
DataClass,0.017735281582888042,0.1323
LongMethod,0.034622989633817006,-0.0908
FeatureEnvy,0.6547208460185769,-0.0062
