,p-value,cliff
GodClass,7.889526827283702e-05,0.1793
DataClass,0.04749073688226641,0.0768
LongMethod,0.0012738504608668265,-0.125
FeatureEnvy,0.056977655407467395,-0.0471
