,p-value,cliff
GodClass,0.8159637011678934,0.0077
DataClass,2.17197694085264e-05,-0.1989
LongMethod,0.009109768777285292,-0.1297
FeatureEnvy,0.9537280097577494,0.0041
