,p-value,cliff
GodClass,0.19074241615291032,-0.0544
DataClass,0.07389549953963709,-0.069
LongMethod,0.31731050786291415,0.02
FeatureEnvy,0.022762546531346548,-0.0667
