,p-value,cliff
GodClass,0.31140803045625065,0.0318
DataClass,0.004123575795005136,-0.131
LongMethod,0.001993644762250436,-0.1284
FeatureEnvy,0.003178820245309872,-0.1028
