,p-value,cliff
GodClass,0.18232570048712027,-0.0749
DataClass,0.13669260871611164,0.0325
LongMethod,0.0007236082161050754,0.1462
FeatureEnvy,0.04969281775738543,0.0922
