,p-value,cliff
GodClass,3.5255445448237094e-05,0.20773390470360167
DataClass,0.10247043485974941,0.04040404040404041
LongMethod,1,0.0
FeatureEnvy,0.025347318677468252,-0.050505050505050504
