,p-value,cliff
GodClass,3.605862609916866e-06,-0.27201305989184776
DataClass,8.530099612271512e-06,-0.21905927966534028
LongMethod,1,0.0
FeatureEnvy,1,0.0
