,p-value,cliff
GodClass,5.697220948724935e-18,-1.0
DataClass,5.69623725067723e-18,-1.0
LongMethod,5.6965651321453854e-18,-1.0
FeatureEnvy,5.693614842531711e-18,-1.0
