,p-value,cliff
GodClass,0.0010594330731371205,0.12345679012345678
DataClass,0.02802945507829883,0.035302520151005
LongMethod,0.014305878435429648,-0.06060606060606061
FeatureEnvy,1,0.0
