,p-value,cliff
GodClass,8.032228692847739e-05,0.19079685746352412
DataClass,3.791580219976274e-06,0.2218141006019794
LongMethod,1,0.0
FeatureEnvy,0.17971249487899976,0.019385776961534536
