,p-value,cliff
GodClass,0.31731050786291415,-0.010101010101010102
DataClass,1,0.0
LongMethod,1,0.0
FeatureEnvy,0.31731050786291415,-0.010101010101010102
