,p-value,cliff
GodClass,0.31461280577782835,-0.019895928986838077
DataClass,0.7614987559283237,-0.010305070911131517
LongMethod,0.25683925795785656,0.030609121518212427
FeatureEnvy,1,0.0
