,p-value,cliff
GodClass,0.7150006546880892,0.008978675645342313
DataClass,0.15729920705028502,0.020202020202020204
LongMethod,1,0.0
FeatureEnvy,0.31731050786291415,-0.010101010101010102
