,p-value,cliff
GodClass,0.004090422455547278,0.13641465156616672
DataClass,0.28590576946817325,-0.017141108050198958
LongMethod,1,0.0
FeatureEnvy,0.3283457112657078,0.01918171615141312
