,p-value,cliff
GodClass,0.0006499716321836063,-0.16426895214774004
DataClass,0.004508698364904227,-0.10111213141516172
LongMethod,1,0.0
FeatureEnvy,0.970680734839629,0.008672584430160188
