,p-value,cliff
GodClass,0.04550026389635839,-0.04040404040404041
DataClass,0.17971249487899976,-0.020202020202020204
LongMethod,1,0.0
FeatureEnvy,1,0.0
