,p-value,cliff
GodClass,1.0,0.0
DataClass,0.05878172135535886,-0.04019997959391899
LongMethod,1,0.0
FeatureEnvy,1,0.0
