,p-value,cliff
GodClass,0.0035104707374242826,-0.10131619222528314
DataClass,0.00094149094826212,-0.1197836955412713
LongMethod,1,0.0
FeatureEnvy,0.0046777349810472576,-0.08080808080808081
