,p-value,cliff
GodClass,0.0005449601012279142,0.1473319049076625
DataClass,9.616588268883476e-05,0.16284052647689012
LongMethod,1,0.0
FeatureEnvy,1,0.0
