,p-value,cliff
GodClass,8.03691657368969e-05,0.12386491174369962
DataClass,4.226175952624314e-05,0.1474339353127232
LongMethod,1,0.0
FeatureEnvy,0.010320738885786614,-0.06876849301091725
