,p-value,cliff
GodClass,0.5637028616507731,-0.024487297214569943
DataClass,0.6701031580103327,-0.012753800632588512
LongMethod,1,0.0
FeatureEnvy,1,0.0
