,p-value,cliff
GodClass,0.0832645166635504,-0.030303030303030304
DataClass,0.015186198557064549,-0.07091113151719212
LongMethod,1,0.0
FeatureEnvy,1,0.0
