,p-value,cliff
GodClass,0.010074574519974634,0.15069890827466584
DataClass,0.17422909539125275,0.07152331394755637
LongMethod,0.0003114909767673833,0.13131313131313133
FeatureEnvy,1,0.0
