,p-value,cliff
GodClass,0.7036384003923002,-0.011835526987042138
DataClass,0.056365645235356136,0.10182634425058668
LongMethod,0.06678934594564048,0.06060606060606061
FeatureEnvy,1,0.0
