,p-value,cliff
GodClass,0.025458965055645086,-0.1248852157943067
DataClass,0.0010594330731371205,-0.11743699622487501
LongMethod,1,0.0
FeatureEnvy,0.0007891129890156299,-0.10243852668095092
