,p-value,cliff
GodClass,0.03843393023678171,0.02407917559432711
DataClass,0.026856695507524397,0.025201510049994897
LongMethod,0.31731050786291415,0.010407101316192225
FeatureEnvy,1,0.0
