,p-value,cliff
GodClass,0.006655605482949377,-0.05774920926436078
DataClass,0.05921415750622669,-0.06907458422609938
LongMethod,1,0.0
FeatureEnvy,0.02435791571803699,0.05999387817569636
