,p-value,cliff
GodClass,0.0046709057429699845,0.032241607999183755
DataClass,0.0169473483375683,0.03968982756861545
LongMethod,1,0.0
FeatureEnvy,1,0.0
