,p-value,cliff
GodClass,1.0,0.0
DataClass,1,0.0
LongMethod,1,0.0
FeatureEnvy,0.0010679544323162916,-0.11804917865523926
