,p-value,cliff
GodClass,9.782098029079318e-05,0.09611264156718702
DataClass,1.1168627654531323e-06,0.19202122232425262
LongMethod,0.10247043485974937,0.023875114784205693
FeatureEnvy,1,0.0
