,p-value,cliff
GodClass,0.03843393023678171,0.034996428935822874
DataClass,0.0832645166635504,0.030609121518212427
LongMethod,1,0.0
FeatureEnvy,1,0.0
