,p-value,cliff
GodClass,0.0006817102933708383,0.14304662789511274
DataClass,0.00012855346761721204,0.17263544536271808
LongMethod,1,0.0
FeatureEnvy,0.0026997960632601866,-0.09090909090909091
