,p-value,cliff
GodClass,0.07070114486598297,0.0491786552392613
DataClass,0.0189682762113069,0.08162432404856647
LongMethod,0.10247043485974937,0.030200999897969594
FeatureEnvy,1,0.0
