,p-value,cliff
GodClass,0.00017506070454260242,0.1300887664524028
DataClass,0.001767671119852428,0.1197836955412713
LongMethod,1,0.0
FeatureEnvy,1.697699398346242e-07,0.34976022854810734
