,p-value,cliff
GodClass,1,0.0
DataClass,0.31731050786291415,0.010713192531374349
LongMethod,1,0.0
FeatureEnvy,0.14861399645521173,-0.04019997959391899
