,p-value,cliff
GodClass,0.17971249487899976,-0.020202020202020204
DataClass,0.09768995934615686,-0.030609121518212427
LongMethod,1,0.0
FeatureEnvy,1,0.0
